date,views,unique_visitors,clones,unique_cloners,stars,forks,issues
2026-08-19,0,0,0,0,,,
2026-08-20,0,0,0,0,,,
2026-08-21,0,0,0,0,,,
2026-08-22,0,0,0,0,,,
2026-08-23,0,0,0,0,,,
2026-08-24,0,0,0,0,,,
2026-08-25,0,0,0,0,,,
2026-08-26,0,0,0,0,,,
2026-08-27,0,0,0,0,,,
2026-08-28,0,0,0,0,,,
2026-08-29,0,0,0,0,,,
2026-08-30,0,0,0,0,,,
2026-08-31,0,0,0,0,,,
2026-09-01,43,1,69,28,0,0,0
2026-09-02,6,3,21,10,0,0,0
2026-09-03,3,2,4,3,0,0,0
2026-09-04,0,0,5,3,0,0,0
2026-09-05,0,0,9,7,0,0,0
2026-09-06,0,0,7,5,0,0,0
2026-09-07,1,1,36,23,0,0,0
2026-09-08,1,1,11,9,0,0,0
2026-09-09,0,0,6,4,0,0,0
2026-09-10,2,2,6,4,0,0,0
2026-09-11,2,2,17,12,0,0,0
2026-09-12,0,0,10,7,1,0,0
2026-09-13,0,0,12,9,1,0,0
2026-09-14,0,0,7,5,1,0,0
2026-09-15,0,0,7,5,1,0,0
2026-09-16,1,1,18,11,1,0,0
2026-09-17,0,0,18,12,1,0,0
2026-09-18,0,0,11,8,1,0,0
2026-09-19,0,0,7,5,1,0,0
2026-09-20,2,2,7,4,1,0,0
2026-09-21,0,0,0,0,1,0,0
2026-09-22,0,0,0,0,1,0,0
